P,I,G,S,L,C,mu_hat_zj,mu_hat_base_zj,delta_hat_zj,group_id,policy_id,n_obs_cell
1,1,1,1,1,1,6.947267590384765,6.947267590384765,0.0,1-1-1,1-1-1,13
1,1,1,1,1,2,7.174672640607176,6.947267590384765,0.2274050502224112,1-1-1,1-1-2,35
1,1,1,1,2,1,7.241430304710069,6.947267590384765,0.29416271432530383,1-1-1,1-2-1,46
1,1,1,1,2,2,7.081726875703792,6.947267590384765,0.13445928531902673,1-1-1,1-2-2,39
1,1,1,1,3,1,7.247145548622441,6.947267590384765,0.29987795823767627,1-1-1,1-3-1,50
1,1,1,1,3,2,7.308904530222353,6.947267590384765,0.36163693983758805,1-1-1,1-3-2,40
1,1,1,2,1,1,6.912767898679368,6.947267590384765,-0.03449969170539724,1-1-1,2-1-1,16
1,1,1,2,1,2,7.323541359892322,6.947267590384765,0.37627376950755664,1-1-1,2-1-2,37
1,1,1,2,2,1,7.256964579611451,6.947267590384765,0.3096969892266861,1-1-1,2-2-1,48
1,1,1,2,2,2,7.280629561595717,6.947267590384765,0.3333619712109517,1-1-1,2-2-2,43
1,1,1,2,3,1,7.301762859838208,6.947267590384765,0.3544952694534427,1-1-1,2-3-1,0
1,1,1,2,3,2,7.546890252428663,6.947267590384765,0.599622662043898,1-1-1,2-3-2,0
1,1,1,3,1,1,7.344934013525073,6.947267590384765,0.39766642314030776,1-1-1,3-1-1,48
1,1,1,3,1,2,7.6605910318201405,6.947267590384765,0.7133234414353753,1-1-1,3-1-2,48
1,1,1,3,2,1,7.622420171352938,6.947267590384765,0.6751525809681729,1-1-1,3-2-1,36
1,1,1,3,2,2,7.550968710419317,6.947267590384765,0.6037011200345521,1-1-1,3-2-2,10
1,1,1,3,3,1,7.764127285713677,6.947267590384765,0.8168596953289118,1-1-1,3-3-1,38
1,1,1,3,3,2,7.914138235386246,6.947267590384765,0.9668706450014808,1-1-1,3-3-2,6
1,1,2,1,1,1,7.655822934459119,7.655822934459119,0.0,1-1-2,1-1-1,0
1,1,2,1,1,2,7.561830565480265,7.655822934459119,-0.09399236897885377,1-1-2,1-1-2,0
1,1,2,1,2,1,7.826760728995396,7.655822934459119,0.1709377945362771,1-1-2,1-2-1,0
1,1,2,1,2,2,7.3456598807878555,7.655822934459119,-0.3101630536712632,1-1-2,1-2-2,0
1,1,2,1,3,1,7.766774218590118,7.655822934459119,0.11095128413099964,1-1-2,1-3-1,35
1,1,2,1,3,2,7.507135780988766,7.655822934459119,-0.14868715347035266,1-1-2,1-3-2,10
1,1,2,2,1,1,7.657693959874553,7.655822934459119,0.0018710254154346018,1-1-2,2-1-1,39
1,1,2,2,1,2,7.747070001886241,7.655822934459119,0.09124706742712263,1-1-2,2-1-2,13
1,1,2,2,2,1,7.87866572101761,7.655822934459119,0.2228427865584912,1-1-2,2-2-1,38
1,1,2,2,2,2,7.580933283800611,7.655822934459119,-0.07488965065850728,1-1-2,2-2-2,13
1,1,2,2,3,1,7.8577622469267165,7.655822934459119,0.2019393124675979,1-1-2,2-3-1,38
1,1,2,2,3,2,7.781492220315906,7.655822934459119,0.12566928585678738,1-1-2,2-3-2,6
1,1,2,3,1,1,8.170545715282753,7.655822934459119,0.5147227808236341,1-1-2,3-1-1,38
1,1,2,3,1,2,8.164805314376554,7.655822934459119,0.5089823799174358,1-1-2,3-1-2,13
1,1,2,3,2,1,8.324806953321591,7.655822934459119,0.6689840188624725,1-1-2,3-2-1,0
1,1,2,3,2,2,7.931958073186707,7.655822934459119,0.27613513872758855,1-1-2,3-2-2,0
1,1,2,3,3,1,8.40081231336468,7.655822934459119,0.7449893789055615,1-1-2,3-3-1,37
1,1,2,3,3,2,8.229425843835983,7.655822934459119,0.5736029093768646,1-1-2,3-3-2,12
1,2,1,1,1,1,7.058226399710394,7.058226399710394,0.0,1-2-1,1-1-1,47
1,2,1,1,1,2,7.373849066996538,7.058226399710394,0.31562266728614397,1-2-1,1-1-2,47
1,2,1,1,2,1,7.473673282823267,7.058226399710394,0.4154468831128728,1-2-1,1-2-1,32
1,2,1,1,2,2,7.402187470880724,7.058226399710394,0.34396107117033026,1-2-1,1-2-2,12
1,2,1,1,3,1,7.472150899846806,7.058226399710394,0.413924500136412,1-2-1,1-3-1,46
1,2,1,1,3,2,7.6221274985104515,7.058226399710394,0.5639010988000575,1-2-1,1-3-2,47
1,2,1,2,1,1,7.042890173381235,7.058226399710394,-0.01533622632915943,1-2-1,2-1-1,0
1,2,1,2,1,2,7.541881251657921,7.058226399710394,0.4836548519475272,1-2-1,2-1-2,0
1,2,1,2,2,1,7.508371023100887,7.058226399710394,0.4501446233904929,1-2-1,2-2-1,36
1,2,1,2,2,2,7.620253622148887,7.058226399710394,0.562027222438493,1-2-1,2-2-2,12
1,2,1,2,3,1,7.54593167643881,7.058226399710394,0.48770527672841624,1-2-1,2-3-1,49
1,2,1,2,3,2,7.879276686092998,7.058226399710394,0.8210502863826044,1-2-1,2-3-2,47
1,2,1,3,1,1,7.112585096057974,7.058226399710394,0.05435869634758017,1-2-1,3-1-1,12
1,2,1,3,1,2,7.516459731416774,7.058226399710394,0.4582333317063796,1-2-1,3-1-2,38
1,2,1,3,2,1,7.511355422673407,7.058226399710394,0.4531290229630134,1-2-1,3-2-1,44
1,2,1,3,2,2,7.528121578803522,7.058226399710394,0.46989517909312806,1-2-1,3-2-2,45
1,2,1,3,3,1,7.645824910145313,7.058226399710394,0.5875985104349191,1-2-1,3-3-1,9
1,2,1,3,3,2,7.884053476881616,7.058226399710394,0.8258270771712217,1-2-1,3-3-2,34
1,2,2,1,1,1,7.766781743784748,7.766781743784748,0.0,1-2-2,1-1-1,13
1,2,2,1,1,2,7.761006991869627,7.766781743784748,-0.005774751915121001,1-2-2,1-1-2,37
1,2,2,1,2,1,8.059003707108594,7.766781743784748,0.2922219633238461,1-2-2,1-2-1,0
1,2,2,1,2,2,7.666120475964787,7.766781743784748,-0.10066126781996143,1-2-2,1-2-2,0
1,2,2,1,3,1,7.991779569814484,7.766781743784748,0.2249978260297354,1-2-2,1-3-1,0
1,2,2,1,3,2,7.820358749276864,7.766781743784748,0.05357700549211586,1-2-2,1-3-2,0
1,2,2,2,1,1,7.787816234576421,7.766781743784748,0.02103449079167241,1-2-2,2-1-1,10
1,2,2,2,1,2,7.965409893651842,7.766781743784748,0.1986281498670932,1-2-2,2-1-2,35
1,2,2,2,2,1,8.130072164507046,7.766781743784748,0.363290420722298,1-2-2,2-2-1,8
1,2,2,2,2,2,7.920557344353782,7.766781743784748,0.15377560056903317,1-2-2,2-2-2,34
1,2,2,2,3,1,8.101931063527319,7.766781743784748,0.33514931974257056,1-2-2,2-3-1,12
1,2,2,2,3,2,8.113878653980242,7.766781743784748,0.3470969101954937,1-2-2,2-3-2,33
1,2,2,3,1,1,7.938196797815653,7.766781743784748,0.17141505403090473,1-2-2,3-1-1,13
1,2,2,3,1,2,8.020674013973188,7.766781743784748,0.2538922701884401,1-2-2,3-1-2,37
1,2,2,3,2,1,8.213742204642061,7.766781743784748,0.446960460857313,1-2-2,3-2-1,9
1,2,2,3,2,2,7.90911094157091,7.766781743784748,0.14232919778616182,1-2-2,3-2-2,36
1,2,2,3,3,1,8.282509937796316,7.766781743784748,0.5157281940115679,1-2-2,3-3-1,0
1,2,2,3,3,2,8.199341085331353,7.766781743784748,0.4325593415466047,1-2-2,3-3-2,0
2,1,1,1,1,1,6.592800230031338,6.592800230031338,0.0,2-1-1,1-1-1,11
2,1,1,1,1,2,6.922574980108412,6.592800230031338,0.3297747500770738,2-1-1,1-1-2,34
2,1,1,1,2,1,7.0171578737795866,6.592800230031338,0.42435764374824814,2-1-1,1-2-1,0
2,1,1,1,2,2,6.959824144627973,6.592800230031338,0.3670239145966345,2-1-1,1-2-2,0
2,1,1,1,3,1,7.15844356284204,6.592800230031338,0.5656433328107013,2-1-1,1-3-1,0
2,1,1,1,3,2,7.322572244296615,6.592800230031338,0.7297720142652766,2-1-1,1-3-2,0
2,1,1,2,1,1,6.489470998322738,6.592800230031338,-0.10332923170860031,2-1-1,2-1-1,13
2,1,1,2,1,2,7.002614159390355,6.592800230031338,0.40981392935901617,2-1-1,2-1-2,37
2,1,1,2,2,1,6.963862608677767,6.592800230031338,0.3710623786464282,2-1-1,2-2-1,11
2,1,1,2,2,2,7.089897290516696,6.592800230031338,0.4970970604853573,2-1-1,2-2-2,0
2,1,1,2,3,1,7.144231334054605,6.592800230031338,0.5514311040232664,2-1-1,2-3-1,8
2,1,1,2,3,2,7.491728426499721,6.592800230031338,0.8989281964683826,2-1-1,2-3-2,34
2,1,1,3,1,1,7.03817399971953,6.592800230031338,0.4453737696881914,2-1-1,3-1-1,10
2,1,1,3,1,2,7.456200717869259,6.592800230031338,0.8634004878379207,2-1-1,3-1-2,39
2,1,1,3,2,1,7.445855086970338,6.592800230031338,0.853054856939,2-1-1,3-2-1,9
2,1,1,3,2,2,7.476773325891381,6.592800230031338,0.8839730958600427,2-1-1,3-2-2,34
2,1,1,3,3,1,7.723132646481158,6.592800230031338,1.1303324164498196,2-1-1,3-3-1,0
2,1,1,3,3,2,7.975513296008389,6.592800230031338,1.3827130659770503,2-1-1,3-3-2,0
2,1,2,1,1,1,7.301355574105692,7.301355574105692,0.0,2-1-2,1-1-1,47
2,1,2,1,1,2,7.309732904981501,7.301355574105692,0.00837733087580883,2-1-2,1-1-2,48
2,1,2,1,2,1,7.602488298064915,7.301355574105692,0.3011327239592232,2-1-2,1-2-1,38
2,1,2,1,2,2,7.2237571497120365,7.301355574105692,-0.07759842439365539,2-1-2,1-2-2,12
2,1,2,1,3,1,7.6780722328097175,7.301355574105692,0.3767166587040256,2-1-2,1-3-1,46
2,1,2,1,3,2,7.520803495063026,7.301355574105692,0.21944792095733412,2-1-2,1-3-2,47
2,1,2,2,1,1,7.234397059517924,7.301355574105692,-0.06695851458776758,2-1-2,2-1-1,0
2,1,2,2,1,2,7.426142801384275,7.301355574105692,0.12478722727858305,2-1-2,2-1-2,0
2,1,2,2,2,1,7.585563750083926,7.301355574105692,0.2842081759782342,2-1-2,2-2-1,35
2,1,2,2,2,2,7.39020101272159,7.301355574105692,0.08884543861589833,2-1-2,2-2-2,11
2,1,2,2,3,1,7.700230721143114,7.301355574105692,0.39887514703742166,2-1-2,2-3-1,44
2,1,2,2,3,2,7.726330394386965,7.301355574105692,0.42497482028127287,2-1-2,2-3-2,51
2,1,2,3,1,1,7.863785701477209,7.301355574105692,0.5624301273715169,2-1-2,3-1-1,10
2,1,2,3,1,2,7.960415000425673,7.301355574105692,0.6590594263199812,2-1-2,3-1-2,34
2,1,2,3,2,1,8.148241868938992,7.301355574105692,0.8468862948333005,2-1-2,3-2-1,49
2,1,2,3,2,2,7.85776268865877,7.301355574105692,0.5564071145530782,2-1-2,3-2-2,50
2,1,2,3,3,1,8.359817674132161,7.301355574105692,1.0584621000264693,2-1-2,3-3-1,11
2,1,2,3,3,2,8.290800904458127,7.301355574105692,0.9894453303524351,2-1-2,3-3-2,34
2,2,1,1,1,1,6.703759039356967,6.703759039356967,0.0,2-2-1,1-1-1,0
2,2,1,1,1,2,7.121751406497774,6.703759039356967,0.41799236714080656,2-2-1,1-1-2,0
2,2,1,1,2,1,7.249400851892785,6.703759039356967,0.545641812535818,2-2-1,1-2-1,37
2,2,1,1,2,2,7.280284739804905,6.703759039356967,0.576525700447938,2-2-1,1-2-2,9
2,2,1,1,3,1,7.383448914066404,6.703759039356967,0.6796898747094371,2-2-1,1-3-1,0
2,2,1,1,3,2,7.635795212584712,6.703759039356967,0.9320361732277451,2-2-1,1-3-2,0
2,2,1,2,1,1,6.619593273024606,6.703759039356967,-0.08416576633236161,2-2-1,2-1-1,34
2,2,1,2,1,2,7.220954051155956,6.703759039356967,0.5171950117989885,2-2-1,2-1-2,13
2,2,1,2,2,1,7.215269052167204,6.703759039356967,0.5115100128102368,2-2-1,2-2-1,37
2,2,1,2,2,2,7.429521351069866,6.703759039356967,0.7257623117128986,2-2-1,2-2-2,41
2,2,1,2,3,1,7.388400150655206,6.703759039356967,0.6846411112982391,2-2-1,2-3-1,37
2,2,1,2,3,2,7.824114860164057,6.703759039356967,1.1203558208070898,2-2-1,2-3-2,11
2,2,1,3,1,1,6.805825082252429,6.703759039356967,0.10206604289546206,2-2-1,3-1-1,0
2,2,1,3,1,2,7.312069417465892,6.703759039356967,0.608310378108925,2-2-1,3-1-2,0
2,2,1,3,2,1,7.3347903382908095,6.703759039356967,0.6310312989338422,2-2-1,3-2-1,36
2,2,1,3,2,2,7.453926194275585,6.703759039356967,0.7501671549186177,2-2-1,3-2-2,11
2,2,1,3,3,1,7.604830270912794,6.703759039356967,0.9010712315558269,2-2-1,3-3-1,35
2,2,1,3,3,2,7.9454285375037585,6.703759039356967,1.2416694981467913,2-2-1,3-3-2,4
2,2,2,1,1,1,7.412314383431322,7.412314383431322,0.0,2-2-2,1-1-1,45
2,2,2,1,1,2,7.508909331370862,7.412314383431322,0.09659494793954071,2-2-2,1-1-2,43
2,2,2,1,2,1,7.834731276178113,7.412314383431322,0.4224168927467913,2-2-2,1-2-1,43
2,2,2,1,2,2,7.544217744888968,7.412314383431322,0.13190336145764636,2-2-2,1-2-2,54
2,2,2,1,3,1,7.903077584034081,7.412314383431322,0.4907632006027596,2-2-2,1-3-1,11
2,2,2,1,3,2,7.834026463351124,7.412314383431322,0.42171207991980264,2-2-2,1-3-2,36
2,2,2,2,1,1,7.364519334219792,7.412314383431322,-0.04779504921152977,2-2-2,2-1-1,43
2,2,2,2,1,2,7.644482693149875,7.412314383431322,0.23216830971855362,2-2-2,2-1-2,55
2,2,2,2,2,1,7.8369701935733636,7.412314383431322,0.4246558101420419,2-2-2,2-2-1,0
2,2,2,2,2,2,7.72982507327476,7.412314383431322,0.3175106898434388,2-2-2,2-2-2,0
2,2,2,2,3,1,7.944399537743715,7.412314383431322,0.5320851543123934,2-2-2,2-3-1,10
2,2,2,2,3,2,8.0587168280513,7.412314383431322,0.6464024446199792,2-2-2,2-3-2,34
2,2,2,3,1,1,7.631436784010109,7.412314383431322,0.2191224005787875,2-2-2,3-1-1,36
2,2,2,3,1,2,7.816283700022308,7.412314383431322,0.40396931659098634,2-2-2,3-1-2,10
2,2,2,3,2,1,8.037177120259463,7.412314383431322,0.624862736828141,2-2-2,3-2-1,40
2,2,2,3,2,2,7.834915557042975,7.412314383431322,0.4226011736116533,2-2-2,3-2-2,13
2,2,2,3,3,1,8.241515298563797,7.412314383431322,0.8292009151324757,2-2-2,3-3-1,47
2,2,2,3,3,2,8.260716145953497,7.412314383431322,0.8484017625221751,2-2-2,3-3-2,46
3,1,1,1,1,1,6.155491309140284,6.155491309140284,0.0,3-1-1,1-1-1,37
3,1,1,1,1,2,6.557378956044554,6.155491309140284,0.40188764690427004,3-1-1,1-1-2,10
3,1,1,1,2,1,6.319574030133873,6.155491309140284,0.16408272099358978,3-1-1,1-2-1,73
3,1,1,1,2,2,6.334353197809457,6.155491309140284,0.1788618886691733,3-1-1,1-2-2,22
3,1,1,1,3,1,6.450321063668814,6.155491309140284,0.29482975452853033,3-1-1,1-3-1,38
3,1,1,1,3,2,6.686562641950588,6.155491309140284,0.5310713328103045,3-1-1,1-3-2,15
3,1,1,2,1,1,6.19834687943325,6.155491309140284,0.04285557029296605,3-1-1,2-1-1,72
3,1,1,2,1,2,6.783602937328066,6.155491309140284,0.6281116281877823,3-1-1,2-1-2,25
3,1,1,2,2,1,6.412463567033618,6.155491309140284,0.25697225789333444,3-1-1,2-2-1,38
3,1,1,2,2,2,6.610611145699746,6.155491309140284,0.4551198365594624,3-1-1,2-2-2,8
3,1,1,2,3,1,6.582293636882945,6.155491309140284,0.4268023277426618,3-1-1,2-3-1,70
3,1,1,2,3,2,7.001903626155264,6.155491309140284,0.8464123170149804,3-1-1,2-3-2,20
3,1,1,3,1,1,6.528128244893124,6.155491309140284,0.3726369357528405,3-1-1,3-1-1,0
3,1,1,3,1,2,7.018267859870054,6.155491309140284,0.8627765507297704,3-1-1,3-1-2,0
3,1,1,3,2,1,6.675534409389275,6.155491309140284,0.5200431002489916,3-1-1,3-2-1,35
3,1,1,3,2,2,6.778565545137516,6.155491309140284,0.6230742359972323,3-1-1,3-2-2,12
3,1,1,3,3,1,6.942273313372585,6.155491309140284,0.7867820042323013,3-1-1,3-3-1,69
3,1,1,3,3,2,7.266766859727016,6.155491309140284,1.1112755505867327,3-1-1,3-3-2,27
3,1,2,1,1,1,6.864046653214636,6.864046653214636,0.0,3-1-2,1-1-1,9
3,1,2,1,1,2,6.944536880917644,6.864046653214636,0.08049022770300773,3-1-2,1-1-2,37
3,1,2,1,2,1,6.904904454419199,6.864046653214636,0.04085780120456306,3-1-2,1-2-1,9
3,1,2,1,2,2,6.598286202893519,6.864046653214636,-0.2657604503211175,3-1-2,1-2-2,34
3,1,2,1,3,1,6.969949733636492,6.864046653214636,0.10590308042185548,3-1-2,1-3-1,0
3,1,2,1,3,2,6.884793892717001,6.864046653214636,0.02074723950236468,3-1-2,1-3-2,0
3,1,2,2,1,1,6.943272940628437,6.864046653214636,0.07922628741380056,3-1-2,2-1-1,12
3,1,2,2,1,2,7.207131579321987,6.864046653214636,0.343084926107351,3-1-2,2-1-2,34
3,1,2,2,2,1,7.0341647084397785,6.864046653214636,0.17011805522514223,3-1-2,2-2-1,0
3,1,2,2,2,2,6.910914867904642,6.864046653214636,0.04686821469000613,3-1-2,2-2-2,0
3,1,2,2,3,1,7.138293023971455,6.864046653214636,0.2742463707568188,3-1-2,2-3-1,0
3,1,2,2,3,2,7.236505594042507,6.864046653214636,0.3724589408278707,3-1-2,2-3-2,0
3,1,2,3,1,1,7.353739946650805,6.864046653214636,0.48969329343616863,3-1-2,3-1-1,12
3,1,2,3,1,2,7.522482142426469,6.864046653214636,0.6584354892118327,3-1-2,3-1-2,35
3,1,2,3,2,1,7.377921191357929,6.864046653214636,0.513874538143293,3-1-2,3-2-1,10
3,1,2,3,2,2,7.159554907904908,6.864046653214636,0.2955082546902714,3-1-2,3-2-2,31
3,1,2,3,3,1,7.578958341023588,6.864046653214636,0.7149116878089519,3-1-2,3-3-1,10
3,1,2,3,3,2,7.582054468176754,6.864046653214636,0.7180078149621174,3-1-2,3-3-2,33
3,2,1,1,1,1,6.2664501184659125,6.2664501184659125,0.0,3-2-1,1-1-1,0
3,2,1,1,1,2,6.756555382433918,6.2664501184659125,0.49010526396800547,3-2-1,1-1-2,0
3,2,1,1,2,1,6.551817008247071,6.2664501184659125,0.28536688978115876,3-2-1,1-2-1,35
3,2,1,1,2,2,6.654813792986393,6.2664501184659125,0.3883636745204804,3-2-1,1-2-2,11
3,2,1,1,3,1,6.675326414893181,6.2664501184659125,0.40887629642726875,3-2-1,1-3-1,36
3,2,1,1,3,2,6.999785610238687,6.2664501184659125,0.7333354917727748,3-2-1,1-3-2,9
3,2,1,2,1,1,6.328469154135117,6.2664501184659125,0.06201903566920475,3-2-1,2-1-1,0
3,2,1,2,1,2,7.001942829093666,6.2664501184659125,0.7354927106277538,3-2-1,2-1-2,0
3,2,1,2,2,1,6.663870010523056,6.2664501184659125,0.3974198920571439,3-2-1,2-2-1,36
3,2,1,2,2,2,6.950235206252918,6.2664501184659125,0.6837850877870055,3-2-1,2-2-2,9
3,2,1,2,3,1,6.826462453483549,6.2664501184659125,0.5600123350176363,3-2-1,2-3-1,0
3,2,1,2,3,2,7.334290059819599,6.2664501184659125,1.0678399413536868,3-2-1,2-3-2,0
3,2,1,3,1,1,6.295779327426025,6.2664501184659125,0.02932920896011293,3-2-1,3-1-1,34
3,2,1,3,1,2,6.874136559466689,6.2664501184659125,0.6076864410007765,3-2-1,3-1-2,12
3,2,1,3,2,1,6.5644696607097455,6.2664501184659125,0.298019542243833,3-2-1,3-2-1,32
3,2,1,3,2,2,6.7557184135217225,6.2664501184659125,0.48926829505581004,3-2-1,3-2-2,7
3,2,1,3,3,1,6.823970937804221,6.2664501184659125,0.5575208193383085,3-2-1,3-3-1,36
3,2,1,3,3,2,7.236682101222386,6.2664501184659125,0.9702319827564736,3-2-1,3-3-2,13
3,2,2,1,1,1,6.975005462540265,6.975005462540265,0.0,3-2-2,1-1-1,10
3,2,2,1,1,2,7.1437133073070065,6.975005462540265,0.1687078447667414,3-2-2,1-1-2,36
3,2,2,1,2,1,7.137147432532398,6.975005462540265,0.16214196999213293,3-2-2,1-2-1,13
3,2,2,1,2,2,6.918746798070453,6.975005462540265,-0.0562586644698122,3-2-2,1-2-2,36
3,2,2,1,3,1,7.194955084860856,6.975005462540265,0.21994962232059123,3-2-2,1-3-1,22
3,2,2,1,3,2,7.1980168610051,6.975005462540265,0.22301139846483498,3-2-2,1-3-2,72
3,2,2,2,1,1,7.073395215330303,6.975005462540265,0.09838975279003748,3-2-2,2-1-1,20
3,2,2,2,1,2,7.4254714710875875,6.975005462540265,0.45046600854732244,3-2-2,2-1-2,72
3,2,2,2,2,1,7.285571151929216,6.975005462540265,0.3105656893889508,3-2-2,2-2-1,19
3,2,2,2,2,2,7.250538928457813,6.975005462540265,0.27553346591754746,3-2-2,2-2-2,73
3,2,2,2,3,1,7.3824618405720575,6.975005462540265,0.40745637803179235,3-2-2,2-3-1,16
3,2,2,2,3,2,7.568892027706844,6.975005462540265,0.5938865651665788,3-2-2,2-3-2,38
3,2,2,3,1,1,7.121391029183706,6.975005462540265,0.14638556664344105,3-2-2,3-1-1,18
3,2,2,3,1,2,7.378350842023103,6.975005462540265,0.4033453794828379,3-2-2,3-1-2,69
3,2,2,3,2,1,7.2668564426783995,6.975005462540265,0.2918509801381344,3-2-2,3-2-1,0
3,2,2,3,2,2,7.136707776289111,6.975005462540265,0.16170231374884558,3-2-2,3-2-2,0
3,2,2,3,3,1,7.460655965455225,6.975005462540265,0.48565050291496004,3-2-2,3-3-1,8
3,2,2,3,3,2,7.551969709672123,6.975005462540265,0.5769642471318583,3-2-2,3-3-2,36
